"evtype_data";"passage_num1_output";"passage_num2_output";"passage_num3_output"
"1";"   HIGH SURF ADVISORY";"High Surf";"High Surf";"High Surf"
"2";" COASTAL FLOOD";"Flood";"Coastal Flood";"Coastal Flood"
"3";" FLASH FLOOD";"Flood";"Flash Flood";"Flash Flood"
"4";" LIGHTNING";"Lightning";NA;NA
"5";" TSTM WIND";NA;"Thunderstorm Wind";"Thunderstorm Wind"
"6";" TSTM WIND (G45)";NA;"Thunderstorm Wind";"Thunderstorm Wind"
"7";" WATERSPOUT";"Waterspout";NA;NA
"8";" WIND";NA;"Cold/Wind Chill";"Cold/Wind Chill"
"9";"?";NA;NA;NA
"10";"ABNORMAL WARMTH";NA;"Heat";"Heat"
"11";"ABNORMALLY DRY";NA;"Drought";"Drought"
"12";"ABNORMALLY WET";NA;NA;"Heavy Rain"
"13";"ACCUMULATED SNOWFALL";NA;"Heavy Snow";"Heavy Snow"
"14";"AGRICULTURAL FREEZE";NA;"Frost/Freeze";"Frost/Freeze"
"15";"APACHE COUNTY";NA;NA;NA
"16";"ASTRONOMICAL HIGH TIDE";NA;"Storm Surge/Tide";"Storm Surge/Tide"
"17";"ASTRONOMICAL LOW TIDE";"Astronomical Low Tide";NA;NA
"18";"AVALANCE";NA;NA;NA
"19";"AVALANCHE";"Avalanche";NA;NA
"20";"BEACH EROSIN";NA;"Coastal Flood";"Coastal Flood"
"21";"BEACH EROSION";NA;"Coastal Flood";"Coastal Flood"
"22";"BEACH EROSION/COASTAL FLOOD";"Flood";"Coastal Flood";"Coastal Flood"
"23";"BEACH FLOOD";"Flood";"Coastal Flood";"Coastal Flood"
"24";"BELOW NORMAL PRECIPITATION";NA;"Heavy Rain";"Drought"
"25";"BITTER WIND CHILL";NA;"Cold/Wind Chill";"Cold/Wind Chill"
"26";"BITTER WIND CHILL TEMPERATURES";NA;"Cold/Wind Chill";"Cold/Wind Chill"
"27";"BLACK ICE";NA;"Frost/Freeze";"Frost/Freeze"
"28";"BLIZZARD";"Blizzard";NA;"Blizzard"
"29";"BLIZZARD AND EXTREME WIND CHIL";"Blizzard";"Cold/Wind Chill";"Blizzard"
"30";"BLIZZARD AND HEAVY SNOW";"Heavy Snow";"Heavy Snow";"Blizzard"
"31";"BLIZZARD WEATHER";"Blizzard";NA;"Blizzard"
"32";"BLIZZARD/FREEZING RAIN";"Blizzard";NA;"Frost/Freeze"
"33";"BLIZZARD/HEAVY SNOW";"Heavy Snow";"Heavy Snow";"Blizzard"
"34";"BLIZZARD/HIGH WIND";"High Wind";"Cold/Wind Chill";"Blizzard"
"35";"BLIZZARD/WINTER STORM";"Winter Storm";NA;"Blizzard"
"36";"BLOW-OUT TIDE";NA;"Storm Surge/Tide";"Storm Surge/Tide"
"37";"BLOW-OUT TIDES";NA;"Storm Surge/Tide";"Storm Surge/Tide"
"38";"BLOWING DUST";NA;NA;"Dust Storm"
"39";"BLOWING SNOW";NA;"Heavy Snow";"Heavy Snow"
"40";"BLOWING SNOW & EXTREME WIND CH";NA;"Heavy Snow";"Heavy Snow"
"41";"BLOWING SNOW- EXTREME WIND CHI";NA;"Heavy Snow";"Heavy Snow"
"42";"BLOWING SNOW/EXTREME WIND CHIL";NA;"Heavy Snow";"Heavy Snow"
"43";"BREAKUP FLOODING";"Flood";NA;NA
"44";"BRUSH FIRE";NA;"Wildfire";"Wildfire"
"45";"BRUSH FIRES";NA;"Wildfire";"Wildfire"
"46";"Beach Erosion";NA;"Coastal Flood";"Coastal Flood"
"47";"Black Ice";NA;"Frost/Freeze";"Frost/Freeze"
"48";"Blizzard Summary";"Blizzard";"Summary";"Blizzard"
"49";"Blowing Snow";NA;"Heavy Snow";"Heavy Snow"
"50";"COASTAL  FLOODING/EROSION";"Flood";NA;NA
"51";"COASTAL EROSION";NA;"Coastal Flood";"Coastal Flood"
"52";"COASTAL FLOOD";"Flood";"Coastal Flood";"Coastal Flood"
"53";"COASTAL FLOODING";"Flood";"Coastal Flood";"Coastal Flood"
"54";"COASTAL FLOODING/EROSION";"Flood";"Coastal Flood";"Coastal Flood"
"55";"COASTAL STORM";NA;"Marine Strong Wind";"Marine Strong Wind"
"56";"COASTAL SURGE";NA;NA;NA
"57";"COASTAL/TIDAL FLOOD";"Flood";NA;"Coastal Flood"
"58";"COASTALFLOOD";"Flood";NA;"Coastal Flood"
"59";"COASTALSTORM";NA;"Marine Strong Wind";"Marine Strong Wind"
"60";"COLD";NA;"Frost/Freeze";"Frost/Freeze"
"61";"COLD AIR FUNNEL";NA;"Frost/Freeze";"Funnel Cloud"
"62";"COLD AIR FUNNELS";NA;"Frost/Freeze";"Funnel Cloud"
"63";"COLD AIR TORNADO";"Tornado";"Frost/Freeze";"Frost/Freeze"
"64";"COLD AND FROST";NA;"Frost/Freeze";"Frost/Freeze"
"65";"COLD AND SNOW";NA;"Frost/Freeze";"Frost/Freeze"
"66";"COLD AND WET CONDITIONS";NA;"Frost/Freeze";"Heavy Rain"
"67";"COLD TEMPERATURES";NA;"Frost/Freeze";"Frost/Freeze"
"68";"COLD WAVE";NA;"Frost/Freeze";"Frost/Freeze"
"69";"COLD WEATHER";NA;"Frost/Freeze";"Frost/Freeze"
"70";"COLD WIND CHILL TEMPERATURES";"Cold Wind Chill";"Cold/Wind Chill";"Cold/Wind Chill"
"71";"COLD/WIND CHILL";NA;"Cold/Wind Chill";"Cold/Wind Chill"
"72";"COLD/WINDS";NA;"Frost/Freeze";"Cold/Wind Chill"
"73";"COOL AND WET";NA;"Frost/Freeze";"Heavy Rain"
"74";"COOL SPELL";NA;"Frost/Freeze";"Frost/Freeze"
"75";"CSTL FLOODING/EROSION";"Flood";"Coastal Flood";"Coastal Flood"
"76";"Coastal Flood";"Flood";"Coastal Flood";"Coastal Flood"
"77";"Coastal Flooding";"Flood";"Coastal Flood";"Coastal Flood"
"78";"Coastal Storm";NA;"Marine Strong Wind";"Marine Strong Wind"
"79";"Cold";NA;"Frost/Freeze";"Frost/Freeze"
"80";"Cold Temperature";NA;"Frost/Freeze";"Frost/Freeze"
"81";"Cold and Frost";NA;"Frost/Freeze";"Frost/Freeze"
"82";"DAM BREAK";NA;NA;NA
"83";"DAM FAILURE";NA;NA;NA
"84";"DAMAGING FREEZE";NA;"Frost/Freeze";"Frost/Freeze"
"85";"DEEP HAIL";"Hail";NA;NA
"86";"DENSE FOG";"Dense Fog";"Dense Fog";"Dense Fog"
"87";"DENSE SMOKE";"Dense Smoke";NA;"Wildfire"
"88";"DOWNBURST";NA;NA;"Cold/Wind Chill"
"89";"DOWNBURST WINDS";NA;"Cold/Wind Chill";"Cold/Wind Chill"
"90";"DRIEST MONTH";NA;"Drought";"Drought"
"91";"DROUGHT";"Drought";NA;"Drought"
"92";"DROUGHT/EXCESSIVE HEAT";"Heat";NA;"Drought"
"93";"DROWNING";NA;NA;NA
"94";"DRY";NA;"Drought";"Drought"
"95";"DRY CONDITIONS";NA;"Drought";"Drought"
"96";"DRY HOT WEATHER";NA;"Drought";"Drought"
"97";"DRY MICROBURST";NA;"Drought";"High Wind"
"98";"DRY MICROBURST 50";NA;"Drought";"High Wind"
"99";"DRY MICROBURST 53";NA;"Drought";"High Wind"
"100";"DRY MICROBURST 58";NA;"Drought";"High Wind"
"101";"DRY MICROBURST 61";NA;"Drought";"High Wind"
"102";"DRY MICROBURST 84";NA;"Drought";"High Wind"
"103";"DRY MICROBURST WINDS";NA;"Drought";"High Wind"
"104";"DRY MIRCOBURST WINDS";NA;"Drought";"Drought"
"105";"DRY PATTERN";NA;"Drought";"Drought"
"106";"DRY SPELL";NA;"Drought";"Drought"
"107";"DRY WEATHER";NA;"Drought";"Drought"
"108";"DRYNESS";NA;"Drought";"Drought"
"109";"DUST DEVEL";NA;"Dust Storm";"Dust Storm"
"110";"DUST DEVIL";"Dust Devil";NA;"Dust Storm"
"111";"DUST DEVIL WATERSPOUT";"Waterspout";NA;"Dust Storm"
"112";"DUST STORM";"Dust Storm";NA;"Dust Storm"
"113";"DUST STORM/HIGH WINDS";"High Wind";"High Wind";"Dust Storm"
"114";"DUSTSTORM";NA;NA;"Dust Storm"
"115";"Damaging Freeze";NA;"Frost/Freeze";"Frost/Freeze"
"116";"Drifting Snow";NA;"Heavy Snow";"Heavy Snow"
"117";"Dust Devil";"Dust Devil";NA;"Dust Storm"
"118";"EARLY FREEZE";NA;"Frost/Freeze";"Frost/Freeze"
"119";"EARLY FROST";NA;"Frost/Freeze";"Frost/Freeze"
"120";"EARLY RAIN";NA;NA;"Heavy Rain"
"121";"EARLY SNOW";NA;"Heavy Snow";"Heavy Snow"
"122";"EARLY SNOWFALL";NA;"Heavy Snow";"Heavy Snow"
"123";"EXCESSIVE";NA;NA;NA
"124";"EXCESSIVE HEAT";"Heat";NA;NA
"125";"EXCESSIVE HEAT/DROUGHT";"Heat";NA;"Drought"
"126";"EXCESSIVE PRECIPITATION";NA;"Heavy Rain";"Heavy Rain"
"127";"EXCESSIVE RAIN";NA;NA;"Heavy Rain"
"128";"EXCESSIVE RAINFALL";NA;"Heavy Rain";"Heavy Rain"
"129";"EXCESSIVE SNOW";NA;"Heavy Snow";"Heavy Snow"
"130";"EXCESSIVE WETNESS";NA;NA;"Heavy Rain"
"131";"EXCESSIVELY DRY";NA;"Drought";"Drought"
"132";"EXTREME COLD";NA;"Frost/Freeze";"Frost/Freeze"
"133";"EXTREME COLD/WIND CHILL";NA;"Cold/Wind Chill";"Cold/Wind Chill"
"134";"EXTREME HEAT";"Heat";NA;NA
"135";"EXTREME WIND CHILL";NA;"Cold/Wind Chill";"Cold/Wind Chill"
"136";"EXTREME WIND CHILL/BLOWING SNO";NA;"Cold/Wind Chill";"Cold/Wind Chill"
"137";"EXTREME WIND CHILLS";NA;"Cold/Wind Chill";"Cold/Wind Chill"
"138";"EXTREME WINDCHILL";NA;"Cold/Wind Chill";"Cold/Wind Chill"
"139";"EXTREME WINDCHILL TEMPERATURES";NA;"Cold/Wind Chill";"Cold/Wind Chill"
"140";"EXTREME/RECORD COLD";NA;"Frost/Freeze";"Frost/Freeze"
"141";"EXTREMELY WET";NA;NA;"Heavy Rain"
"142";"Early Frost";NA;"Frost/Freeze";"Frost/Freeze"
"143";"Early snowfall";NA;"Heavy Snow";"Heavy Snow"
"144";"Erosion/Cstl Flood";"Flood";NA;"Coastal Flood"
"145";"Excessive Cold";NA;"Frost/Freeze";"Frost/Freeze"
"146";"Extended Cold";NA;"Frost/Freeze";"Frost/Freeze"
"147";"Extreme Cold";NA;"Frost/Freeze";"Frost/Freeze"
"148";"FALLING SNOW/ICE";NA;"Frost/Freeze";"Heavy Snow"
"149";"FIRST FROST";NA;"Frost/Freeze";"Frost/Freeze"
"150";"FIRST SNOW";NA;"Heavy Snow";"Heavy Snow"
"151";"FLASH FLOOD";"Flood";"Flash Flood";"Flash Flood"
"152";"FLASH FLOOD - HEAVY RAIN";"Heavy Rain";"Flash Flood";"Heavy Rain"
"153";"FLASH FLOOD FROM ICE JAMS";"Flood";"Flash Flood";"Flash Flood"
"154";"FLASH FLOOD LANDSLIDES";"Flood";"Flash Flood";"Flash Flood"
"155";"FLASH FLOOD WINDS";"Flood";"Flash Flood";"Flash Flood"
"156";"FLASH FLOOD/";"Flood";"Flash Flood";"Flash Flood"
"157";"FLASH FLOOD/ FLOOD";"Flood";"Flash Flood";"Flash Flood"
"158";"FLASH FLOOD/ STREET";"Flood";"Flash Flood";"Flash Flood"
"159";"FLASH FLOOD/FLOOD";"Flood";"Flash Flood";"Flash Flood"
"160";"FLASH FLOOD/HEAVY RAIN";"Heavy Rain";"Flash Flood";"Heavy Rain"
"161";"FLASH FLOOD/LANDSLIDE";"Flood";"Flash Flood";"Flash Flood"
"162";"FLASH FLOODING";"Flood";"Flash Flood";"Flash Flood"
"163";"FLASH FLOODING/FLOOD";"Flood";"Flash Flood";"Flash Flood"
"164";"FLASH FLOODING/THUNDERSTORM WI";"Flood";"Thunderstorm Wind";"Flash Flood"
"165";"FLASH FLOODS";"Flood";"Flash Flood";"Flash Flood"
"166";"FLASH FLOOODING";NA;"Flash Flood";"Flash Flood"
"167";"FLOOD";"Flood";NA;NA
"168";"FLOOD & HEAVY RAIN";"Heavy Rain";NA;"Flood"
"169";"FLOOD FLASH";"Flood";"Flash Flood";"Flash Flood"
"170";"FLOOD FLOOD/FLASH";"Flood";"Flash Flood";"Flash Flood"
"171";"FLOOD WATCH/";"Flood";NA;NA
"172";"FLOOD/FLASH";"Flood";"Flash Flood";"Flash Flood"
"173";"FLOOD/FLASH FLOOD";"Flood";"Flash Flood";"Flash Flood"
"174";"FLOOD/FLASH FLOODING";"Flood";"Flash Flood";"Flash Flood"
"175";"FLOOD/FLASH/FLOOD";"Flood";"Flash Flood";"Flash Flood"
"176";"FLOOD/FLASHFLOOD";"Flood";"Flash Flood";"Flash Flood"
"177";"FLOOD/RAIN/WIND";"Flood";"Cold/Wind Chill";"Heavy Rain"
"178";"FLOOD/RAIN/WINDS";"Flood";"Cold/Wind Chill";"Heavy Rain"
"179";"FLOOD/RIVER FLOOD";"Flood";NA;NA
"180";"FLOODING";"Flood";NA;NA
"181";"FLOODING/HEAVY RAIN";"Heavy Rain";NA;"Heavy Rain"
"182";"FLOODS";"Flood";NA;NA
"183";"FOG";NA;"Dense Fog";"Dense Fog"
"184";"FOG AND COLD TEMPERATURES";NA;"Dense Fog";"Dense Fog"
"185";"FOREST FIRES";NA;"Wildfire";"Wildfire"
"186";"FREEZE";NA;"Frost/Freeze";"Frost/Freeze"
"187";"FREEZING DRIZZLE";NA;NA;"Frost/Freeze"
"188";"FREEZING DRIZZLE AND FREEZING";NA;NA;"Frost/Freeze"
"189";"FREEZING FOG";"Freezing Fog";"Dense Fog";"Dense Fog"
"190";"FREEZING RAIN";NA;NA;"Frost/Freeze"
"191";"FREEZING RAIN AND SLEET";"Sleet";NA;"Frost/Freeze"
"192";"FREEZING RAIN AND SNOW";NA;"Heavy Snow";"Frost/Freeze"
"193";"FREEZING RAIN SLEET AND";"Sleet";NA;"Frost/Freeze"
"194";"FREEZING RAIN SLEET AND LIGHT";"Sleet";NA;"Frost/Freeze"
"195";"FREEZING RAIN/SLEET";"Sleet";NA;"Frost/Freeze"
"196";"FREEZING RAIN/SNOW";NA;"Heavy Snow";"Frost/Freeze"
"197";"FROST";NA;"Frost/Freeze";"Frost/Freeze"
"198";"FROST/FREEZE";NA;"Frost/Freeze";"Frost/Freeze"
"199";"FROST\FREEZE";NA;"Frost/Freeze";"Frost/Freeze"
"200";"FUNNEL";NA;NA;"Funnel Cloud"
"201";"FUNNEL CLOUD";"Funnel Cloud";NA;"Funnel Cloud"
"202";"FUNNEL CLOUD.";"Funnel Cloud";NA;"Funnel Cloud"
"203";"FUNNEL CLOUD/HAIL";"Hail";NA;"Funnel Cloud"
"204";"FUNNEL CLOUDS";"Funnel Cloud";NA;"Funnel Cloud"
"205";"FUNNELS";NA;NA;"Funnel Cloud"
"206";"Flood";"Flood";NA;NA
"207";"Flood/Flash Flood";"Flood";"Flash Flood";"Flash Flood"
"208";"Flood/Strong Wind";"Strong Wind";"Cold/Wind Chill";"Flood"
"209";"Freeze";NA;"Frost/Freeze";"Frost/Freeze"
"210";"Freezing Drizzle";NA;NA;"Frost/Freeze"
"211";"Freezing Fog";"Freezing Fog";"Dense Fog";"Dense Fog"
"212";"Freezing Rain";NA;NA;"Frost/Freeze"
"213";"Freezing Spray";NA;NA;"Frost/Freeze"
"214";"Freezing drizzle";NA;NA;"Frost/Freeze"
"215";"Freezing rain";NA;NA;"Frost/Freeze"
"216";"Frost";NA;"Frost/Freeze";"Frost/Freeze"
"217";"Frost/Freeze";NA;"Frost/Freeze";"Frost/Freeze"
"218";"Funnel Cloud";"Funnel Cloud";NA;"Funnel Cloud"
"219";"GLAZE";NA;"Frost/Freeze";"Frost/Freeze"
"220";"GLAZE ICE";NA;"Frost/Freeze";"Frost/Freeze"
"221";"GLAZE/ICE STORM";"Ice Storm";"Frost/Freeze";"Frost/Freeze"
"222";"GRADIENT WIND";NA;"Cold/Wind Chill";"Cold/Wind Chill"
"223";"GRADIENT WINDS";NA;"Cold/Wind Chill";"Cold/Wind Chill"
"224";"GRASS FIRES";NA;"Wildfire";"Wildfire"
"225";"GROUND BLIZZARD";"Blizzard";NA;"Blizzard"
"226";"GUSTNADO";NA;"Tornado";"Tornado"
"227";"GUSTNADO AND";NA;"Tornado";"Tornado"
"228";"GUSTY LAKE WIND";NA;"Cold/Wind Chill";"Cold/Wind Chill"
"229";"GUSTY THUNDERSTORM WIND";"Thunderstorm Wind";"Thunderstorm Wind";"Thunderstorm Wind"
"230";"GUSTY THUNDERSTORM WINDS";"Thunderstorm Wind";"Thunderstorm Wind";"Thunderstorm Wind"
"231";"GUSTY WIND";NA;"Cold/Wind Chill";"Cold/Wind Chill"
"232";"GUSTY WIND/HAIL";"Hail";"Cold/Wind Chill";"Cold/Wind Chill"
"233";"GUSTY WIND/HVY RAIN";NA;"Cold/Wind Chill";"Heavy Rain"
"234";"GUSTY WINDS";NA;"Cold/Wind Chill";"Cold/Wind Chill"
"235";"Glaze";NA;"Frost/Freeze";"Frost/Freeze"
"236";"Gradient wind";NA;"Cold/Wind Chill";"Cold/Wind Chill"
"237";"Gusty Wind";NA;"Cold/Wind Chill";"Cold/Wind Chill"
"238";"Gusty Winds";NA;"Cold/Wind Chill";"Cold/Wind Chill"
"239";"Gusty wind/rain";NA;"Cold/Wind Chill";"Heavy Rain"
"240";"Gusty winds";NA;"Cold/Wind Chill";"Cold/Wind Chill"
"241";"HAIL";"Hail";NA;NA
"242";"HAIL 0.75";"Hail";NA;NA
"243";"HAIL 0.88";"Hail";NA;NA
"244";"HAIL 075";"Hail";NA;NA
"245";"HAIL 088";"Hail";NA;NA
"246";"HAIL 1.00";"Hail";NA;NA
"247";"HAIL 1.75";"Hail";NA;NA
"248";"HAIL 1.75)";"Hail";NA;NA
"249";"HAIL 100";"Hail";NA;NA
"250";"HAIL 125";"Hail";NA;NA
"251";"HAIL 150";"Hail";NA;NA
"252";"HAIL 175";"Hail";NA;NA
"253";"HAIL 200";"Hail";NA;NA
"254";"HAIL 225";"Hail";NA;NA
"255";"HAIL 275";"Hail";NA;NA
"256";"HAIL 450";"Hail";NA;NA
"257";"HAIL 75";"Hail";NA;NA
"258";"HAIL 80";"Hail";NA;NA
"259";"HAIL 88";"Hail";NA;NA
"260";"HAIL ALOFT";"Hail";NA;NA
"261";"HAIL DAMAGE";"Hail";NA;NA
"262";"HAIL FLOODING";"Hail";NA;NA
"263";"HAIL STORM";"Hail";NA;NA
"264";"HAIL/ICY ROADS";"Hail";NA;"Frost/Freeze"
"265";"HAIL/WIND";"Hail";"Cold/Wind Chill";"Cold/Wind Chill"
"266";"HAIL/WINDS";"Hail";"Cold/Wind Chill";"Cold/Wind Chill"
"267";"HAILSTORM";"Hail";NA;NA
"268";"HAILSTORMS";"Hail";NA;NA
"269";"HARD FREEZE";NA;"Frost/Freeze";"Frost/Freeze"
"270";"HAZARDOUS SURF";NA;"High Surf";"High Surf"
"271";"HEAT";"Heat";NA;NA
"272";"HEAT DROUGHT";"Heat";NA;"Drought"
"273";"HEAT WAVE";"Heat";NA;NA
"274";"HEAT WAVE DROUGHT";"Heat";NA;"Drought"
"275";"HEAT WAVES";"Heat";NA;NA
"276";"HEAT/DROUGHT";"Heat";NA;"Drought"
"277";"HEAVY LAKE SNOW";NA;"Heavy Snow";"Heavy Snow"
"278";"HEAVY MIX";NA;NA;NA
"279";"HEAVY PRECIPATATION";NA;"Heavy Rain";"Heavy Rain"
"280";"HEAVY PRECIPITATION";NA;"Heavy Rain";"Heavy Rain"
"281";"HEAVY RAIN";"Heavy Rain";NA;"Heavy Rain"
"282";"HEAVY RAIN AND FLOOD";"Heavy Rain";NA;"Heavy Rain"
"283";"HEAVY RAIN EFFECTS";"Heavy Rain";NA;"Heavy Rain"
"284";"HEAVY RAIN/FLOODING";"Heavy Rain";NA;"Heavy Rain"
"285";"HEAVY RAIN/LIGHTNING";"Lightning";NA;"Heavy Rain"
"286";"HEAVY RAIN/MUDSLIDES/FLOOD";"Heavy Rain";"Debris Flow";"Heavy Rain"
"287";"HEAVY RAIN/SEVERE WEATHER";"Heavy Rain";NA;"Heavy Rain"
"288";"HEAVY RAIN/SMALL STREAM URBAN";"Heavy Rain";"Flood";"Heavy Rain"
"289";"HEAVY RAIN/SNOW";"Heavy Rain";"Heavy Snow";"Heavy Rain"
"290";"HEAVY RAIN/URBAN FLOOD";"Heavy Rain";"Flood";"Heavy Rain"
"291";"HEAVY RAIN/WIND";"Heavy Rain";"Cold/Wind Chill";"Heavy Rain"
"292";"HEAVY RAIN; URBAN FLOOD WINDS;";"Heavy Rain";"Flood";"Heavy Rain"
"293";"HEAVY RAINFALL";"Heavy Rain";"Heavy Rain";"Heavy Rain"
"294";"HEAVY RAINS";"Heavy Rain";NA;"Heavy Rain"
"295";"HEAVY RAINS/FLOODING";"Heavy Rain";NA;"Heavy Rain"
"296";"HEAVY SEAS";NA;NA;NA
"297";"HEAVY SHOWER";NA;"Heavy Rain";"Heavy Rain"
"298";"HEAVY SHOWERS";NA;"Heavy Rain";"Heavy Rain"
"299";"HEAVY SNOW";"Heavy Snow";"Heavy Snow";"Heavy Snow"
"300";"HEAVY SNOW   FREEZING RAIN";"Heavy Snow";"Heavy Snow";"Frost/Freeze"
"301";"HEAVY SNOW & ICE";"Heavy Snow";"Frost/Freeze";"Frost/Freeze"
"302";"HEAVY SNOW AND";"Heavy Snow";"Heavy Snow";"Heavy Snow"
"303";"HEAVY SNOW AND HIGH WINDS";"High Wind";"High Wind";"Heavy Snow"
"304";"HEAVY SNOW AND ICE";"Heavy Snow";"Frost/Freeze";"Heavy Snow"
"305";"HEAVY SNOW AND ICE STORM";"Ice Storm";"Frost/Freeze";"Heavy Snow"
"306";"HEAVY SNOW AND STRONG WINDS";"Strong Wind";"Heavy Snow";"Heavy Snow"
"307";"HEAVY SNOW ANDBLOWING SNOW";"Heavy Snow";"Heavy Snow";"Heavy Snow"
"308";"HEAVY SNOW SQUALLS";"Heavy Snow";"Heavy Snow";"Heavy Snow"
"309";"HEAVY SNOW-SQUALLS";"Heavy Snow";"Heavy Snow";"Heavy Snow"
"310";"HEAVY SNOW/BLIZZARD";"Heavy Snow";"Heavy Snow";"Blizzard"
"311";"HEAVY SNOW/BLIZZARD/AVALANCHE";"Heavy Snow";"Heavy Snow";"Blizzard"
"312";"HEAVY SNOW/BLOWING SNOW";"Heavy Snow";"Heavy Snow";"Heavy Snow"
"313";"HEAVY SNOW/FREEZING RAIN";"Heavy Snow";"Heavy Snow";"Heavy Snow"
"314";"HEAVY SNOW/HIGH";"Heavy Snow";"Heavy Snow";"Heavy Snow"
"315";"HEAVY SNOW/HIGH WIND";"High Wind";"Heavy Snow";"Heavy Snow"
"316";"HEAVY SNOW/HIGH WINDS";"High Wind";"High Wind";"Heavy Snow"
"317";"HEAVY SNOW/HIGH WINDS & FLOOD";"High Wind";"High Wind";"Heavy Snow"
"318";"HEAVY SNOW/HIGH WINDS/FREEZING";"High Wind";"High Wind";"Heavy Snow"
"319";"HEAVY SNOW/ICE";"Heavy Snow";"Frost/Freeze";"Heavy Snow"
"320";"HEAVY SNOW/ICE STORM";"Ice Storm";"Frost/Freeze";"Heavy Snow"
"321";"HEAVY SNOW/SLEET";"Sleet";"Heavy Snow";"Heavy Snow"
"322";"HEAVY SNOW/SQUALLS";"Heavy Snow";"Heavy Snow";"Heavy Snow"
"323";"HEAVY SNOW/WIND";"Heavy Snow";"Heavy Snow";"Heavy Snow"
"324";"HEAVY SNOW/WINTER STORM";"Winter Storm";"Heavy Snow";"Heavy Snow"
"325";"HEAVY SNOWPACK";"Heavy Snow";"Heavy Snow";"Heavy Snow"
"326";"HEAVY SURF";NA;"High Surf";"High Surf"
"327";"HEAVY SURF COASTAL FLOODING";"Flood";"High Surf";"High Surf"
"328";"HEAVY SURF/HIGH SURF";"High Surf";"High Surf";"High Surf"
"329";"HEAVY SWELLS";NA;NA;NA
"330";"HEAVY WET SNOW";NA;"Heavy Snow";"Heavy Rain"
"331";"HIGH";NA;NA;NA
"332";"HIGH  SWELLS";NA;NA;"High Surf"
"333";"HIGH  WINDS";NA;"Cold/Wind Chill";"Cold/Wind Chill"
"334";"HIGH SEAS";NA;NA;"High Surf"
"335";"HIGH SURF";"High Surf";"High Surf";"High Surf"
"336";"HIGH SURF ADVISORIES";"High Surf";"High Surf";"High Surf"
"337";"HIGH SURF ADVISORY";"High Surf";"High Surf";"High Surf"
"338";"HIGH SWELLS";NA;NA;NA
"339";"HIGH TEMPERATURE RECORD";NA;NA;"Heat"
"340";"HIGH TIDES";NA;"Storm Surge/Tide";"Storm Surge/Tide"
"341";"HIGH WATER";NA;NA;"Storm Surge/Tide"
"342";"HIGH WAVES";NA;NA;"High Surf"
"343";"HIGH WIND";"High Wind";"Cold/Wind Chill";"Cold/Wind Chill"
"344";"HIGH WIND (G40)";"High Wind";"Cold/Wind Chill";"Cold/Wind Chill"
"345";"HIGH WIND 48";"High Wind";"Cold/Wind Chill";"Cold/Wind Chill"
"346";"HIGH WIND 63";"High Wind";"Cold/Wind Chill";"Cold/Wind Chill"
"347";"HIGH WIND 70";"High Wind";"Cold/Wind Chill";"Cold/Wind Chill"
"348";"HIGH WIND AND HEAVY SNOW";"High Wind";"Heavy Snow";"Heavy Snow"
"349";"HIGH WIND AND HIGH TIDES";"High Wind";"Storm Surge/Tide";"Storm Surge/Tide"
"350";"HIGH WIND AND SEAS";"High Wind";"Cold/Wind Chill";"Cold/Wind Chill"
"351";"HIGH WIND DAMAGE";"High Wind";"Cold/Wind Chill";"Cold/Wind Chill"
"352";"HIGH WIND/ BLIZZARD";"High Wind";"Cold/Wind Chill";"Blizzard"
"353";"HIGH WIND/BLIZZARD";"High Wind";"Cold/Wind Chill";"Blizzard"
"354";"HIGH WIND/BLIZZARD/FREEZING RA";"High Wind";"Cold/Wind Chill";"Blizzard"
"355";"HIGH WIND/HEAVY SNOW";"High Wind";"Heavy Snow";"Heavy Snow"
"356";"HIGH WIND/LOW WIND CHILL";"High Wind";"Cold/Wind Chill";"Cold/Wind Chill"
"357";"HIGH WIND/SEAS";"High Wind";"Cold/Wind Chill";"Cold/Wind Chill"
"358";"HIGH WIND/WIND CHILL";"High Wind";"Cold/Wind Chill";"Cold/Wind Chill"
"359";"HIGH WIND/WIND CHILL/BLIZZARD";"High Wind";"Cold/Wind Chill";"Blizzard"
"360";"HIGH WINDS";"High Wind";"High Wind";"High Wind"
"361";"HIGH WINDS 55";"High Wind";"High Wind";"High Wind"
"362";"HIGH WINDS 57";"High Wind";"High Wind";"High Wind"
"363";"HIGH WINDS 58";"High Wind";"High Wind";"High Wind"
"364";"HIGH WINDS 63";"High Wind";"High Wind";"High Wind"
"365";"HIGH WINDS 66";"High Wind";"High Wind";"High Wind"
"366";"HIGH WINDS 67";"High Wind";"High Wind";"High Wind"
"367";"HIGH WINDS 73";"High Wind";"High Wind";"High Wind"
"368";"HIGH WINDS 76";"High Wind";"High Wind";"High Wind"
"369";"HIGH WINDS 80";"High Wind";"High Wind";"High Wind"
"370";"HIGH WINDS 82";"High Wind";"High Wind";"High Wind"
"371";"HIGH WINDS AND WIND CHILL";"High Wind";"High Wind";"High Wind"
"372";"HIGH WINDS DUST STORM";"High Wind";"High Wind";"Dust Storm"
"373";"HIGH WINDS HEAVY RAINS";"High Wind";"High Wind";"Heavy Rain"
"374";"HIGH WINDS/";"High Wind";"High Wind";"High Wind"
"375";"HIGH WINDS/COASTAL FLOOD";"High Wind";"High Wind";"Coastal Flood"
"376";"HIGH WINDS/COLD";"High Wind";"High Wind";"High Wind"
"377";"HIGH WINDS/FLOODING";"High Wind";"High Wind";"High Wind"
"378";"HIGH WINDS/HEAVY RAIN";"High Wind";"High Wind";"Heavy Rain"
"379";"HIGH WINDS/SNOW";"High Wind";"High Wind";"High Wind"
"380";"HIGHWAY FLOODING";"Flood";NA;NA
"381";"HOT PATTERN";NA;"Heat";"Heat"
"382";"HOT SPELL";NA;"Heat";"Heat"
"383";"HOT WEATHER";NA;"Heat";"Heat"
"384";"HOT/DRY PATTERN";NA;"Drought";"Heat"
"385";"HURRICANE";NA;"Hurricane (Typhoon)";"Hurricane (Typhoon)"
"386";"HURRICANE EMILY";NA;"Hurricane (Typhoon)";"Hurricane (Typhoon)"
"387";"HURRICANE ERIN";NA;"Hurricane (Typhoon)";"Hurricane (Typhoon)"
"388";"HURRICANE FELIX";NA;"Hurricane (Typhoon)";"Hurricane (Typhoon)"
"389";"HURRICANE GORDON";NA;"Hurricane (Typhoon)";"Hurricane (Typhoon)"
"390";"HURRICANE OPAL";NA;"Hurricane (Typhoon)";"Hurricane (Typhoon)"
"391";"HURRICANE OPAL/HIGH WINDS";"High Wind";"Hurricane (Typhoon)";"Hurricane (Typhoon)"
"392";"HURRICANE-GENERATED SWELLS";NA;"Hurricane (Typhoon)";"Hurricane (Typhoon)"
"393";"HURRICANE/TYPHOON";NA;"Hurricane (Typhoon)";"Hurricane (Typhoon)"
"394";"HVY RAIN";NA;NA;"Heavy Rain"
"395";"HYPERTHERMIA/EXPOSURE";NA;NA;NA
"396";"HYPOTHERMIA";NA;NA;NA
"397";"HYPOTHERMIA/EXPOSURE";NA;NA;NA
"398";"Hail(0.75)";"Hail";NA;NA
"399";"Heat Wave";"Heat";NA;NA
"400";"Heatburst";"Heat";NA;NA
"401";"Heavy Precipitation";NA;"Heavy Rain";"Heavy Rain"
"402";"Heavy Rain";"Heavy Rain";NA;"Heavy Rain"
"403";"Heavy Rain and Wind";"Heavy Rain";"Cold/Wind Chill";"Heavy Rain"
"404";"Heavy Rain/High Surf";"High Surf";"High Surf";"Heavy Rain"
"405";"Heavy Surf";NA;"High Surf";"High Surf"
"406";"Heavy rain";"Heavy Rain";NA;"Heavy Rain"
"407";"Heavy snow shower";"Heavy Snow";"Heavy Rain";"Heavy Rain"
"408";"Heavy surf and wind";NA;"High Surf";"High Surf"
"409";"High Surf";"High Surf";"High Surf";"High Surf"
"410";"High Wind";"High Wind";"Cold/Wind Chill";"Cold/Wind Chill"
"411";"Hot and Dry";NA;"Drought";"Drought"
"412";"Hurricane Edouard";NA;"Hurricane (Typhoon)";"Hurricane (Typhoon)"
"413";"Hypothermia/Exposure";NA;NA;NA
"414";"ICE";NA;"Frost/Freeze";"Frost/Freeze"
"415";"ICE AND SNOW";NA;"Frost/Freeze";"Frost/Freeze"
"416";"ICE FLOES";NA;"Frost/Freeze";"Frost/Freeze"
"417";"ICE JAM";NA;"Frost/Freeze";"Frost/Freeze"
"418";"ICE JAM FLOODING";"Flood";"Frost/Freeze";"Frost/Freeze"
"419";"ICE ON ROAD";NA;"Frost/Freeze";"Frost/Freeze"
"420";"ICE PELLETS";NA;"Frost/Freeze";"Frost/Freeze"
"421";"ICE ROADS";NA;"Frost/Freeze";"Frost/Freeze"
"422";"ICE STORM";"Ice Storm";"Frost/Freeze";"Frost/Freeze"
"423";"ICE STORM AND SNOW";"Ice Storm";"Frost/Freeze";"Frost/Freeze"
"424";"ICE STORM/FLASH FLOOD";"Ice Storm";"Flash Flood";"Flash Flood"
"425";"ICE/SNOW";NA;"Frost/Freeze";"Frost/Freeze"
"426";"ICE/STRONG WINDS";"Strong Wind";"Frost/Freeze";"Frost/Freeze"
"427";"ICY ROADS";NA;NA;"Frost/Freeze"
"428";"Ice Fog";NA;"Dense Fog";"Dense Fog"
"429";"Ice jam flood (minor";"Flood";"Frost/Freeze";"Frost/Freeze"
"430";"Ice/Snow";NA;"Frost/Freeze";"Frost/Freeze"
"431";"Icestorm/Blizzard";"Blizzard";"Frost/Freeze";"Blizzard"
"432";"Icy Roads";NA;NA;"Frost/Freeze"
"433";"LACK OF SNOW";NA;"Heavy Snow";"Lake-Effect Snow"
"434";"LAKE EFFECT SNOW";NA;"Heavy Snow";"Lake-Effect Snow"
"435";"LAKE FLOOD";"Flood";NA;"Lakeshore Flood"
"436";"LAKE-EFFECT SNOW";"Lake-Effect Snow";"Heavy Snow";"Heavy Snow"
"437";"LAKESHORE FLOOD";"Lakeshore Flood";NA;"Lakeshore Flood"
"438";"LANDSLIDE";NA;"Avalanche";"Avalanche"
"439";"LANDSLIDE/URBAN FLOOD";"Flood";"Flood";"Avalanche"
"440";"LANDSLIDES";NA;"Avalanche";"Avalanche"
"441";"LANDSLUMP";NA;"Avalanche";"Avalanche"
"442";"LANDSPOUT";NA;"Avalanche";"Avalanche"
"443";"LARGE WALL CLOUD";NA;NA;"Dense Fog"
"444";"LATE FREEZE";NA;"Frost/Freeze";"Frost/Freeze"
"445";"LATE SEASON HAIL";"Hail";NA;NA
"446";"LATE SEASON SNOW";NA;"Heavy Snow";"Heavy Snow"
"447";"LATE SNOW";NA;"Heavy Snow";"Heavy Snow"
"448";"LIGHT FREEZING RAIN";NA;NA;"Frost/Freeze"
"449";"LIGHT SNOW";NA;"Heavy Snow";"Frost/Freeze"
"450";"LIGHT SNOW AND SLEET";"Sleet";"Heavy Snow";"Heavy Snow"
"451";"LIGHT SNOW/FREEZING PRECIP";NA;"Heavy Rain";"Frost/Freeze"
"452";"LIGHTING";NA;NA;"Lightning"
"453";"LIGHTNING";"Lightning";NA;NA
"454";"LIGHTNING  WAUSEON";"Lightning";NA;NA
"455";"LIGHTNING AND HEAVY RAIN";"Lightning";NA;"Heavy Rain"
"456";"LIGHTNING AND THUNDERSTORM WIN";"Lightning";"Thunderstorm Wind";"Thunderstorm Wind"
"457";"LIGHTNING AND WINDS";"Lightning";"Cold/Wind Chill";"Cold/Wind Chill"
"458";"LIGHTNING DAMAGE";"Lightning";NA;NA
"459";"LIGHTNING FIRE";"Lightning";"Wildfire";"Wildfire"
"460";"LIGHTNING INJURY";"Lightning";NA;NA
"461";"LIGHTNING THUNDERSTORM WINDS";"Thunderstorm Wind";"Thunderstorm Wind";"Thunderstorm Wind"
"462";"LIGHTNING THUNDERSTORM WINDSS";"Thunderstorm Wind";"Thunderstorm Wind";"Thunderstorm Wind"
"463";"LIGHTNING.";"Lightning";NA;NA
"464";"LIGHTNING/HEAVY RAIN";"Lightning";NA;"Heavy Rain"
"465";"LIGNTNING";NA;"Lightning";"Lightning"
"466";"LOCAL FLASH FLOOD";"Flood";"Flash Flood";"Flash Flood"
"467";"LOCAL FLOOD";"Flood";NA;NA
"468";"LOCALLY HEAVY RAIN";"Heavy Rain";NA;"Heavy Rain"
"469";"LOW TEMPERATURE";NA;"Frost/Freeze";"Frost/Freeze"
"470";"LOW TEMPERATURE RECORD";NA;"Frost/Freeze";"Heat"
"471";"LOW WIND CHILL";NA;"Cold/Wind Chill";"Cold/Wind Chill"
"472";"Lake Effect Snow";NA;"Heavy Snow";"Lake-Effect Snow"
"473";"Landslump";NA;"Avalanche";"Avalanche"
"474";"Late Season Snowfall";NA;"Heavy Snow";"Heavy Snow"
"475";"Late-season Snowfall";NA;"Heavy Snow";"Heavy Snow"
"476";"Light Snow";NA;"Heavy Snow";"Frost/Freeze"
"477";"Light Snow/Flurries";NA;"Heavy Snow";"Frost/Freeze"
"478";"Light Snowfall";NA;"Heavy Snow";"Frost/Freeze"
"479";"Light snow";NA;"Heavy Snow";"Frost/Freeze"
"480";"MAJOR FLOOD";"Flood";NA;NA
"481";"MARINE HAIL";"Marine Hail";NA;NA
"482";"MARINE HIGH WIND";"Marine High Wind";"Cold/Wind Chill";"Cold/Wind Chill"
"483";"MARINE MISHAP";NA;NA;NA
"484";"MARINE STRONG WIND";"Strong Wind";"Cold/Wind Chill";"Marine High Wind"
"485";"MARINE THUNDERSTORM WIND";"Thunderstorm Wind";"Thunderstorm Wind";"Marine Thunderstorm Wind"
"486";"MARINE TSTM WIND";NA;"Thunderstorm Wind";"Marine Thunderstorm Wind"
"487";"MICROBURST";NA;NA;"High Wind"
"488";"MICROBURST WINDS";NA;"Cold/Wind Chill";"High Wind"
"489";"MILD PATTERN";NA;NA;NA
"490";"MILD/DRY PATTERN";NA;"Drought";"Drought"
"491";"MINOR FLOOD";"Flood";NA;NA
"492";"MINOR FLOODING";"Flood";NA;NA
"493";"MIXED PRECIP";NA;"Heavy Rain";"Heavy Rain"
"494";"MIXED PRECIPITATION";NA;"Heavy Rain";"Heavy Rain"
"495";"MODERATE SNOW";NA;"Heavy Snow";"Heavy Snow"
"496";"MODERATE SNOWFALL";NA;"Heavy Snow";"Heavy Snow"
"497";"MONTHLY PRECIPITATION";NA;"Heavy Rain";"Heavy Rain"
"498";"MONTHLY RAINFALL";NA;"Heavy Rain";"Heavy Rain"
"499";"MONTHLY SNOWFALL";NA;"Heavy Snow";"Heavy Snow"
"500";"MONTHLY TEMPERATURE";NA;NA;NA
"501";"MUD SLIDE";NA;NA;"Debris Flow"
"502";"MUD SLIDES";NA;NA;"Debris Flow"
"503";"MUD SLIDES URBAN FLOODING";"Flood";"Flood";"Debris Flow"
"504";"MUD/ROCK SLIDE";NA;NA;"Avalanche"
"505";"MUDSLIDE";NA;"Debris Flow";"Debris Flow"
"506";"MUDSLIDE/LANDSLIDE";NA;"Debris Flow";"Debris Flow"
"507";"MUDSLIDES";NA;"Debris Flow";"Debris Flow"
"508";"Marine Accident";NA;NA;NA
"509";"Metro Storm, May 26";NA;NA;NA
"510";"Microburst";NA;NA;"High Wind"
"511";"Mild and Dry Pattern";NA;"Drought";"Drought"
"512";"Minor Flooding";"Flood";NA;NA
"513";"Mixed Precipitation";NA;"Heavy Rain";"Heavy Rain"
"514";"Monthly Rainfall";NA;"Heavy Rain";"Heavy Rain"
"515";"Monthly Snowfall";NA;"Heavy Snow";"Heavy Snow"
"516";"Mountain Snows";NA;"Heavy Snow";"Heavy Snow"
"517";"Mudslide";NA;"Debris Flow";"Debris Flow"
"518";"Mudslides";NA;"Debris Flow";"Debris Flow"
"519";"NEAR RECORD SNOW";NA;"Heavy Snow";"Heavy Snow"
"520";"NON SEVERE HAIL";"Hail";NA;NA
"521";"NON TSTM WIND";NA;"Thunderstorm Wind";"High Wind"
"522";"NON-SEVERE WIND DAMAGE";NA;"Cold/Wind Chill";"High Wind"
"523";"NON-TSTM WIND";NA;"Thunderstorm Wind";"Thunderstorm Wind"
"524";"NONE";NA;NA;NA
"525";"NORMAL PRECIPITATION";NA;"Heavy Rain";"Heavy Rain"
"526";"NORTHERN LIGHTS";NA;NA;NA
"527";"No Severe Weather";NA;NA;NA
"528";"OTHER";NA;NA;NA
"529";"Other";NA;NA;NA
"530";"PATCHY DENSE FOG";"Dense Fog";"Dense Fog";"Dense Fog"
"531";"PATCHY ICE";NA;"Frost/Freeze";"Frost/Freeze"
"532";"PROLONG COLD";NA;"Frost/Freeze";"Frost/Freeze"
"533";"PROLONG COLD/SNOW";NA;"Frost/Freeze";"Frost/Freeze"
"534";"PROLONG WARMTH";NA;"Heat";"Heat"
"535";"PROLONGED RAIN";NA;NA;"Heavy Rain"
"536";"Prolong Cold";NA;"Frost/Freeze";"Frost/Freeze"
"537";"RAIN";NA;NA;"Heavy Rain"
"538";"RAIN (HEAVY)";NA;NA;"Heavy Rain"
"539";"RAIN AND WIND";NA;"Cold/Wind Chill";"Heavy Rain"
"540";"RAIN/SNOW";NA;"Heavy Snow";"Heavy Rain"
"541";"RAIN/WIND";NA;"Cold/Wind Chill";"Heavy Rain"
"542";"RAINSTORM";NA;"Heavy Rain";"Heavy Rain"
"543";"RAPIDLY RISING WATER";NA;NA;"Storm Surge/Tide"
"544";"RECORD  COLD";NA;"Frost/Freeze";"Frost/Freeze"
"545";"RECORD COLD";NA;"Frost/Freeze";"Frost/Freeze"
"546";"RECORD COLD AND HIGH WIND";"High Wind";"Frost/Freeze";"Frost/Freeze"
"547";"RECORD COLD/FROST";NA;"Frost/Freeze";"Frost/Freeze"
"548";"RECORD COOL";NA;"Frost/Freeze";"Frost/Freeze"
"549";"RECORD DRYNESS";NA;"Drought";"Drought"
"550";"RECORD HEAT";"Heat";NA;NA
"551";"RECORD HEAT WAVE";"Heat";NA;NA
"552";"RECORD HIGH";NA;NA;"High Wind"
"553";"RECORD HIGH TEMPERATURE";NA;NA;"High Wind"
"554";"RECORD HIGH TEMPERATURES";NA;NA;"High Wind"
"555";"RECORD LOW";NA;NA;NA
"556";"RECORD LOW RAINFALL";NA;"Heavy Rain";"Heavy Rain"
"557";"RECORD PRECIPITATION";NA;"Heavy Rain";"Heavy Rain"
"558";"RECORD RAINFALL";NA;"Heavy Rain";"Heavy Rain"
"559";"RECORD SNOW";NA;"Heavy Snow";"Heavy Snow"
"560";"RECORD SNOW/COLD";NA;"Frost/Freeze";"Heavy Snow"
"561";"RECORD SNOWFALL";NA;"Heavy Snow";"Heavy Snow"
"562";"RECORD TEMPERATURE";NA;NA;"Heat"
"563";"RECORD TEMPERATURES";NA;NA;"Heat"
"564";"RECORD WARM";NA;NA;"Heat"
"565";"RECORD WARM TEMPS.";NA;NA;"Heat"
"566";"RECORD WARMTH";NA;"Heat";"Heat"
"567";"RECORD/EXCESSIVE HEAT";"Heat";NA;NA
"568";"RECORD/EXCESSIVE RAINFALL";NA;"Heavy Rain";"Heavy Rain"
"569";"RED FLAG CRITERIA";NA;NA;NA
"570";"RED FLAG FIRE WX";NA;"Wildfire";"Wildfire"
"571";"REMNANTS OF FLOYD";NA;NA;NA
"572";"RIP CURRENT";"Rip Current";NA;NA
"573";"RIP CURRENTS";"Rip Current";NA;NA
"574";"RIP CURRENTS HEAVY SURF";"Rip Current";"High Surf";"High Surf"
"575";"RIP CURRENTS/HEAVY SURF";"Rip Current";"High Surf";"High Surf"
"576";"RIVER AND STREAM FLOOD";"Flood";NA;NA
"577";"RIVER FLOOD";"Flood";NA;NA
"578";"RIVER FLOODING";"Flood";NA;NA
"579";"ROCK SLIDE";NA;NA;"Avalanche"
"580";"ROGUE WAVE";NA;NA;"High Surf"
"581";"ROTATING WALL CLOUD";NA;NA;NA
"582";"ROUGH SEAS";NA;NA;"High Surf"
"583";"ROUGH SURF";NA;"High Surf";"High Surf"
"584";"RURAL FLOOD";"Flood";NA;NA
"585";"Rain Damage";NA;NA;"Heavy Rain"
"586";"Record Cold";NA;"Frost/Freeze";"Frost/Freeze"
"587";"Record Heat";"Heat";NA;NA
"588";"Record High";NA;NA;"High Wind"
"589";"Record May Snow";NA;"Heavy Snow";"Heavy Snow"
"590";"Record Temperatures";NA;NA;"Heat"
"591";"Record Warmth";NA;"Heat";"Heat"
"592";"Record Winter Snow";NA;"Heavy Snow";"Heavy Snow"
"593";"Record dry month";NA;"Drought";"Drought"
"594";"Record temperature";NA;NA;"Heat"
"595";"River Flooding";"Flood";NA;NA
"596";"SAHARAN DUST";NA;NA;"Dust Storm"
"597";"SEICHE";"Seiche";NA;NA
"598";"SEVERE COLD";NA;"Frost/Freeze";"Frost/Freeze"
"599";"SEVERE THUNDERSTORM";NA;"Thunderstorm Wind";"Thunderstorm Wind"
"600";"SEVERE THUNDERSTORM WINDS";"Thunderstorm Wind";"Thunderstorm Wind";"Thunderstorm Wind"
"601";"SEVERE THUNDERSTORMS";NA;"Thunderstorm Wind";"Thunderstorm Wind"
"602";"SEVERE TURBULENCE";NA;NA;"High Wind"
"603";"SLEET";"Sleet";NA;NA
"604";"SLEET & FREEZING RAIN";"Sleet";NA;"Frost/Freeze"
"605";"SLEET STORM";"Sleet";NA;NA
"606";"SLEET/FREEZING RAIN";"Sleet";NA;"Frost/Freeze"
"607";"SLEET/ICE STORM";"Sleet";"Frost/Freeze";"Frost/Freeze"
"608";"SLEET/RAIN/SNOW";"Sleet";"Heavy Snow";"Heavy Rain"
"609";"SLEET/SNOW";"Sleet";"Heavy Snow";"Heavy Snow"
"610";"SMALL HAIL";"Hail";"Flood";"Flood"
"611";"SMALL STREAM";NA;"Flood";"Flood"
"612";"SMALL STREAM AND";NA;"Flood";"Flood"
"613";"SMALL STREAM AND URBAN FLOOD";"Flood";"Flood";"Flood"
"614";"SMALL STREAM AND URBAN FLOODIN";"Flood";"Flood";"Flood"
"615";"SMALL STREAM FLOOD";"Flood";"Flood";"Flood"
"616";"SMALL STREAM FLOODING";"Flood";"Flood";"Flood"
"617";"SMALL STREAM URBAN FLOOD";"Flood";"Flood";"Flood"
"618";"SMALL STREAM/URBAN FLOOD";"Flood";"Flood";"Flood"
"619";"SMOKE";NA;NA;"Wildfire"
"620";"SNOW";NA;"Heavy Snow";"Heavy Snow"
"621";"SNOW ACCUMULATION";NA;"Heavy Snow";"Heavy Snow"
"622";"SNOW ADVISORY";NA;"Heavy Snow";"Heavy Snow"
"623";"SNOW AND COLD";NA;"Frost/Freeze";"Heavy Snow"
"624";"SNOW AND HEAVY SNOW";"Heavy Snow";"Heavy Snow";"Heavy Snow"
"625";"SNOW AND ICE";NA;"Frost/Freeze";"Heavy Snow"
"626";"SNOW AND ICE STORM";"Ice Storm";"Frost/Freeze";"Heavy Snow"
"627";"SNOW AND SLEET";"Sleet";"Heavy Snow";"Heavy Snow"
"628";"SNOW AND WIND";NA;"Heavy Snow";"Heavy Snow"
"629";"SNOW DROUGHT";"Drought";"Heavy Snow";"Heavy Snow"
"630";"SNOW FREEZING RAIN";NA;"Heavy Snow";"Heavy Snow"
"631";"SNOW SHOWERS";NA;"Heavy Rain";"Heavy Snow"
"632";"SNOW SLEET";"Sleet";"Heavy Snow";"Heavy Snow"
"633";"SNOW SQUALL";NA;"Heavy Snow";"Heavy Snow"
"634";"SNOW SQUALLS";NA;"Heavy Snow";"Heavy Snow"
"635";"SNOW- HIGH WIND- WIND CHILL";"High Wind";"Cold/Wind Chill";"Heavy Snow"
"636";"SNOW/ BITTER COLD";NA;"Frost/Freeze";"Heavy Snow"
"637";"SNOW/ ICE";NA;"Frost/Freeze";"Heavy Snow"
"638";"SNOW/BLOWING SNOW";NA;"Heavy Snow";"Heavy Snow"
"639";"SNOW/COLD";NA;"Frost/Freeze";"Heavy Snow"
"640";"SNOW/FREEZING RAIN";NA;"Heavy Snow";"Heavy Snow"
"641";"SNOW/HEAVY SNOW";"Heavy Snow";"Heavy Snow";"Heavy Snow"
"642";"SNOW/HIGH WINDS";"High Wind";"High Wind";"Heavy Snow"
"643";"SNOW/ICE";NA;"Frost/Freeze";"Heavy Snow"
"644";"SNOW/ICE STORM";"Ice Storm";"Frost/Freeze";"Heavy Snow"
"645";"SNOW/RAIN";NA;"Heavy Snow";"Heavy Snow"
"646";"SNOW/RAIN/SLEET";"Sleet";"Heavy Snow";"Heavy Snow"
"647";"SNOW/SLEET";"Sleet";"Heavy Snow";"Heavy Snow"
"648";"SNOW/SLEET/FREEZING RAIN";"Sleet";"Heavy Snow";"Heavy Snow"
"649";"SNOW/SLEET/RAIN";"Sleet";"Heavy Snow";"Heavy Snow"
"650";"SNOWFALL RECORD";NA;"Heavy Snow";"Heavy Snow"
"651";"SNOWMELT FLOODING";"Flood";"Heavy Snow";"Heavy Snow"
"652";"SNOWSTORM";NA;"Heavy Snow";"Heavy Snow"
"653";"SNOW\COLD";NA;"Frost/Freeze";"Frost/Freeze"
"654";"SOUTHEAST";NA;NA;NA
"655";"STORM FORCE WINDS";NA;"Cold/Wind Chill";"High Wind"
"656";"STORM SURGE";NA;NA;"Storm Surge/Tide"
"657";"STORM SURGE/TIDE";NA;NA;"Storm Surge/Tide"
"658";"STREAM FLOODING";"Flood";NA;NA
"659";"STREET FLOOD";"Flood";NA;NA
"660";"STREET FLOODING";"Flood";NA;NA
"661";"STRONG WIND";"Strong Wind";"Cold/Wind Chill";"Cold/Wind Chill"
"662";"STRONG WIND GUST";"Strong Wind";"Cold/Wind Chill";"Cold/Wind Chill"
"663";"STRONG WINDS";"Strong Wind";"Cold/Wind Chill";"Cold/Wind Chill"
"664";"SUMMARY OF MARCH 24-25";NA;"Summary";"Summary"
"665";"SUMMARY OF MARCH 27";NA;"Summary";"Summary"
"666";"SUMMARY OF MARCH 29";NA;"Summary";"Summary"
"667";"Saharan Dust";NA;NA;"Dust Storm"
"668";"Seasonal Snowfall";NA;"Heavy Snow";"Heavy Snow"
"669";"Small Hail";"Hail";"Flood";"Flood"
"670";"Sml Stream Fld";NA;NA;"Flood"
"671";"Snow";NA;"Heavy Snow";"Heavy Snow"
"672";"Snow Accumulation";NA;"Heavy Snow";"Heavy Snow"
"673";"Snow Squalls";NA;"Heavy Snow";"Heavy Snow"
"674";"Snow and Ice";NA;"Frost/Freeze";"Heavy Snow"
"675";"Snow and sleet";"Sleet";"Heavy Snow";"Heavy Snow"
"676";"Snow squalls";NA;"Heavy Snow";"Heavy Snow"
"677";"Strong Wind";"Strong Wind";"Cold/Wind Chill";"Cold/Wind Chill"
"678";"Strong Winds";"Strong Wind";"Cold/Wind Chill";"Cold/Wind Chill"
"679";"Strong winds";"Strong Wind";"Cold/Wind Chill";"Cold/Wind Chill"
"680";"Summary August 10";NA;"Summary";"Summary"
"681";"Summary August 11";NA;"Summary";"Summary"
"682";"Summary August 17";NA;"Summary";"Summary"
"683";"Summary August 2-3";NA;"Summary";"Summary"
"684";"Summary August 21";NA;"Summary";"Summary"
"685";"Summary August 28";NA;"Summary";"Summary"
"686";"Summary August 4";NA;"Summary";"Summary"
"687";"Summary August 7";NA;"Summary";"Summary"
"688";"Summary August 9";NA;"Summary";"Summary"
"689";"Summary Jan 17";NA;"Summary";"Summary"
"690";"Summary July 23-24";NA;"Summary";"Summary"
"691";"Summary June 18-19";NA;"Summary";"Summary"
"692";"Summary June 5-6";NA;"Summary";"Summary"
"693";"Summary June 6";NA;"Summary";"Summary"
"694";"Summary Sept. 25-26";NA;"Summary";"Summary"
"695";"Summary September 20";NA;"Summary";"Summary"
"696";"Summary September 23";NA;"Summary";"Summary"
"697";"Summary September 3";NA;"Summary";"Summary"
"698";"Summary September 4";NA;"Summary";"Summary"
"699";"Summary of April 12";NA;"Summary";"Summary"
"700";"Summary of April 13";NA;"Summary";"Summary"
"701";"Summary of April 21";NA;"Summary";"Summary"
"702";"Summary of April 27";NA;"Summary";"Summary"
"703";"Summary of April 3rd";NA;"Summary";"Summary"
"704";"Summary of August 1";NA;"Summary";"Summary"
"705";"Summary of July 11";NA;"Summary";"Summary"
"706";"Summary of July 2";NA;"Summary";"Summary"
"707";"Summary of July 22";NA;"Summary";"Summary"
"708";"Summary of July 26";NA;"Summary";"Summary"
"709";"Summary of July 29";NA;"Summary";"Summary"
"710";"Summary of July 3";NA;"Summary";"Summary"
"711";"Summary of June 10";NA;"Summary";"Summary"
"712";"Summary of June 11";NA;"Summary";"Summary"
"713";"Summary of June 12";NA;"Summary";"Summary"
"714";"Summary of June 13";NA;"Summary";"Summary"
"715";"Summary of June 15";NA;"Summary";"Summary"
"716";"Summary of June 16";NA;"Summary";"Summary"
"717";"Summary of June 18";NA;"Summary";"Summary"
"718";"Summary of June 23";NA;"Summary";"Summary"
"719";"Summary of June 24";NA;"Summary";"Summary"
"720";"Summary of June 3";NA;"Summary";"Summary"
"721";"Summary of June 30";NA;"Summary";"Summary"
"722";"Summary of June 4";NA;"Summary";"Summary"
"723";"Summary of June 6";NA;"Summary";"Summary"
"724";"Summary of March 14";NA;"Summary";"Summary"
"725";"Summary of March 23";NA;"Summary";"Summary"
"726";"Summary of March 24";NA;"Summary";"Summary"
"727";"Summary of May 10";NA;"Summary";"Summary"
"728";"Summary of May 13";NA;"Summary";"Summary"
"729";"Summary of May 14";NA;"Summary";"Summary"
"730";"Summary of May 22";NA;"Summary";"Summary"
"731";"Summary of May 22 am";NA;"Summary";"Summary"
"732";"Summary of May 22 pm";NA;"Summary";"Summary"
"733";"Summary of May 26 am";NA;"Summary";"Summary"
"734";"Summary of May 26 pm";NA;"Summary";"Summary"
"735";"Summary of May 31 am";NA;"Summary";"Summary"
"736";"Summary of May 31 pm";NA;"Summary";"Summary"
"737";"Summary of May 9-10";NA;"Summary";"Summary"
"738";"Summary: Nov. 16";NA;"Summary";"Summary"
"739";"Summary: Nov. 6-7";NA;"Summary";"Summary"
"740";"Summary: Oct. 20-21";NA;"Summary";"Summary"
"741";"Summary: October 31";NA;"Summary";"Summary"
"742";"Summary: Sept. 18";NA;"Summary";"Summary"
"743";"THUDERSTORM WINDS";NA;"Cold/Wind Chill";"Cold/Wind Chill"
"744";"THUNDEERSTORM WINDS";NA;"Thunderstorm Wind";"Thunderstorm Wind"
"745";"THUNDERESTORM WINDS";NA;"Cold/Wind Chill";"Cold/Wind Chill"
"746";"THUNDERSNOW";NA;"Thunderstorm Wind";"Thunderstorm Wind"
"747";"THUNDERSTORM";NA;"Thunderstorm Wind";"Thunderstorm Wind"
"748";"THUNDERSTORM  WINDS";NA;"Thunderstorm Wind";"Thunderstorm Wind"
"749";"THUNDERSTORM DAMAGE";NA;"Thunderstorm Wind";"Thunderstorm Wind"
"750";"THUNDERSTORM DAMAGE TO";NA;"Thunderstorm Wind";"Thunderstorm Wind"
"751";"THUNDERSTORM HAIL";"Hail";"Thunderstorm Wind";"Thunderstorm Wind"
"752";"THUNDERSTORM W INDS";NA;"Thunderstorm Wind";"Thunderstorm Wind"
"753";"THUNDERSTORM WIND";"Thunderstorm Wind";"Thunderstorm Wind";"Thunderstorm Wind"
"754";"THUNDERSTORM WIND (G40)";"Thunderstorm Wind";"Thunderstorm Wind";"Thunderstorm Wind"
"755";"THUNDERSTORM WIND 50";"Thunderstorm Wind";"Thunderstorm Wind";"Thunderstorm Wind"
"756";"THUNDERSTORM WIND 52";"Thunderstorm Wind";"Thunderstorm Wind";"Thunderstorm Wind"
"757";"THUNDERSTORM WIND 56";"Thunderstorm Wind";"Thunderstorm Wind";"Thunderstorm Wind"
"758";"THUNDERSTORM WIND 59";"Thunderstorm Wind";"Thunderstorm Wind";"Thunderstorm Wind"
"759";"THUNDERSTORM WIND 59 MPH";"Thunderstorm Wind";"Thunderstorm Wind";"Thunderstorm Wind"
"760";"THUNDERSTORM WIND 59 MPH.";"Thunderstorm Wind";"Thunderstorm Wind";"Thunderstorm Wind"
"761";"THUNDERSTORM WIND 60 MPH";"Thunderstorm Wind";"Thunderstorm Wind";"Thunderstorm Wind"
"762";"THUNDERSTORM WIND 65 MPH";"Thunderstorm Wind";"Thunderstorm Wind";"Thunderstorm Wind"
"763";"THUNDERSTORM WIND 65MPH";"Thunderstorm Wind";"Thunderstorm Wind";"Thunderstorm Wind"
"764";"THUNDERSTORM WIND 69";"Thunderstorm Wind";"Thunderstorm Wind";"Thunderstorm Wind"
"765";"THUNDERSTORM WIND 98 MPH";"Thunderstorm Wind";"Thunderstorm Wind";"Thunderstorm Wind"
"766";"THUNDERSTORM WIND G50";"Thunderstorm Wind";"Thunderstorm Wind";"Thunderstorm Wind"
"767";"THUNDERSTORM WIND G51";"Thunderstorm Wind";"Thunderstorm Wind";"Thunderstorm Wind"
"768";"THUNDERSTORM WIND G52";"Thunderstorm Wind";"Thunderstorm Wind";"Thunderstorm Wind"
"769";"THUNDERSTORM WIND G55";"Thunderstorm Wind";"Thunderstorm Wind";"Thunderstorm Wind"
"770";"THUNDERSTORM WIND G60";"Thunderstorm Wind";"Thunderstorm Wind";"Thunderstorm Wind"
"771";"THUNDERSTORM WIND G61";"Thunderstorm Wind";"Thunderstorm Wind";"Thunderstorm Wind"
"772";"THUNDERSTORM WIND TREES";"Thunderstorm Wind";"Thunderstorm Wind";"Thunderstorm Wind"
"773";"THUNDERSTORM WIND.";"Thunderstorm Wind";"Thunderstorm Wind";"Thunderstorm Wind"
"774";"THUNDERSTORM WIND/ TREE";"Thunderstorm Wind";"Thunderstorm Wind";"Thunderstorm Wind"
"775";"THUNDERSTORM WIND/ TREES";"Thunderstorm Wind";"Thunderstorm Wind";"Thunderstorm Wind"
"776";"THUNDERSTORM WIND/AWNING";"Thunderstorm Wind";"Thunderstorm Wind";"Thunderstorm Wind"
"777";"THUNDERSTORM WIND/HAIL";"Thunderstorm Wind";"Thunderstorm Wind";"Thunderstorm Wind"
"778";"THUNDERSTORM WIND/LIGHTNING";"Thunderstorm Wind";"Thunderstorm Wind";"Thunderstorm Wind"
"779";"THUNDERSTORM WINDS";"Thunderstorm Wind";"Thunderstorm Wind";"Thunderstorm Wind"
"780";"THUNDERSTORM WINDS      LE CEN";"Thunderstorm Wind";"Thunderstorm Wind";"Thunderstorm Wind"
"781";"THUNDERSTORM WINDS 13";"Thunderstorm Wind";"Thunderstorm Wind";"Thunderstorm Wind"
"782";"THUNDERSTORM WINDS 2";"Thunderstorm Wind";"Thunderstorm Wind";"Thunderstorm Wind"
"783";"THUNDERSTORM WINDS 50";"Thunderstorm Wind";"Thunderstorm Wind";"Thunderstorm Wind"
"784";"THUNDERSTORM WINDS 52";"Thunderstorm Wind";"Thunderstorm Wind";"Thunderstorm Wind"
"785";"THUNDERSTORM WINDS 53";"Thunderstorm Wind";"Thunderstorm Wind";"Thunderstorm Wind"
"786";"THUNDERSTORM WINDS 60";"Thunderstorm Wind";"Thunderstorm Wind";"Thunderstorm Wind"
"787";"THUNDERSTORM WINDS 61";"Thunderstorm Wind";"Thunderstorm Wind";"Thunderstorm Wind"
"788";"THUNDERSTORM WINDS 62";"Thunderstorm Wind";"Thunderstorm Wind";"Thunderstorm Wind"
"789";"THUNDERSTORM WINDS 63 MPH";"Thunderstorm Wind";"Thunderstorm Wind";"Thunderstorm Wind"
"790";"THUNDERSTORM WINDS AND";"Thunderstorm Wind";"Thunderstorm Wind";"Thunderstorm Wind"
"791";"THUNDERSTORM WINDS FUNNEL CLOU";"Thunderstorm Wind";"Thunderstorm Wind";"Funnel Cloud"
"792";"THUNDERSTORM WINDS G";"Thunderstorm Wind";"Thunderstorm Wind";"Thunderstorm Wind"
"793";"THUNDERSTORM WINDS G60";"Thunderstorm Wind";"Thunderstorm Wind";"Thunderstorm Wind"
"794";"THUNDERSTORM WINDS HAIL";"Thunderstorm Wind";"Thunderstorm Wind";"Thunderstorm Wind"
"795";"THUNDERSTORM WINDS HEAVY RAIN";"Thunderstorm Wind";"Thunderstorm Wind";"Heavy Rain"
"796";"THUNDERSTORM WINDS LIGHTNING";"Thunderstorm Wind";"Thunderstorm Wind";"Thunderstorm Wind"
"797";"THUNDERSTORM WINDS SMALL STREA";"Thunderstorm Wind";"Flood";"Flood"
"798";"THUNDERSTORM WINDS URBAN FLOOD";"Thunderstorm Wind";"Flood";"Flood"
"799";"THUNDERSTORM WINDS.";"Thunderstorm Wind";"Thunderstorm Wind";"Thunderstorm Wind"
"800";"THUNDERSTORM WINDS/ FLOOD";"Thunderstorm Wind";"Thunderstorm Wind";"Thunderstorm Wind"
"801";"THUNDERSTORM WINDS/ HAIL";"Thunderstorm Wind";"Thunderstorm Wind";"Thunderstorm Wind"
"802";"THUNDERSTORM WINDS/FLASH FLOOD";"Thunderstorm Wind";"Thunderstorm Wind";"Flash Flood"
"803";"THUNDERSTORM WINDS/FLOODING";"Thunderstorm Wind";"Thunderstorm Wind";"Thunderstorm Wind"
"804";"THUNDERSTORM WINDS/FUNNEL CLOU";"Thunderstorm Wind";"Thunderstorm Wind";"Funnel Cloud"
"805";"THUNDERSTORM WINDS/HAIL";"Thunderstorm Wind";"Thunderstorm Wind";"Thunderstorm Wind"
"806";"THUNDERSTORM WINDS/HEAVY RAIN";"Thunderstorm Wind";"Thunderstorm Wind";"Heavy Rain"
"807";"THUNDERSTORM WINDS53";"Thunderstorm Wind";"Thunderstorm Wind";"Thunderstorm Wind"
"808";"THUNDERSTORM WINDSHAIL";"Thunderstorm Wind";"Thunderstorm Wind";"Thunderstorm Wind"
"809";"THUNDERSTORM WINDSS";"Thunderstorm Wind";"Thunderstorm Wind";"Thunderstorm Wind"
"810";"THUNDERSTORM WINS";NA;"Thunderstorm Wind";"Thunderstorm Wind"
"811";"THUNDERSTORMS";NA;"Thunderstorm Wind";"Thunderstorm Wind"
"812";"THUNDERSTORMS WIND";NA;"Thunderstorm Wind";"Thunderstorm Wind"
"813";"THUNDERSTORMS WINDS";NA;"Thunderstorm Wind";"Thunderstorm Wind"
"814";"THUNDERSTORMW";NA;"Thunderstorm Wind";"Thunderstorm Wind"
"815";"THUNDERSTORMW 50";NA;"Thunderstorm Wind";"Thunderstorm Wind"
"816";"THUNDERSTORMW WINDS";NA;"Thunderstorm Wind";"Thunderstorm Wind"
"817";"THUNDERSTORMWINDS";NA;"Thunderstorm Wind";"Thunderstorm Wind"
"818";"THUNDERSTROM WIND";NA;"Cold/Wind Chill";"Cold/Wind Chill"
"819";"THUNDERSTROM WINDS";NA;"Cold/Wind Chill";"Cold/Wind Chill"
"820";"THUNDERTORM WINDS";NA;"Cold/Wind Chill";"Cold/Wind Chill"
"821";"THUNDERTSORM WIND";NA;"Cold/Wind Chill";"Cold/Wind Chill"
"822";"THUNDESTORM WINDS";NA;"Cold/Wind Chill";"Cold/Wind Chill"
"823";"THUNERSTORM WINDS";NA;"Cold/Wind Chill";"Cold/Wind Chill"
"824";"TIDAL FLOOD";"Flood";NA;"Coastal Flood"
"825";"TIDAL FLOODING";"Flood";NA;"Coastal Flood"
"826";"TORNADO";"Tornado";NA;NA
"827";"TORNADO DEBRIS";"Tornado";NA;NA
"828";"TORNADO F0";"Tornado";NA;NA
"829";"TORNADO F1";"Tornado";NA;NA
"830";"TORNADO F2";"Tornado";NA;NA
"831";"TORNADO F3";"Tornado";NA;NA
"832";"TORNADO/WATERSPOUT";"Waterspout";NA;NA
"833";"TORNADOES";"Tornado";NA;NA
"834";"TORNADOES, TSTM WIND, HAIL";"Tornado";"Thunderstorm Wind";"Thunderstorm Wind"
"835";"TORNADOS";"Tornado";NA;NA
"836";"TORNDAO";NA;NA;"Tornado"
"837";"TORRENTIAL RAIN";NA;NA;"Heavy Rain"
"838";"TROPICAL DEPRESSION";"Tropical Depression";NA;NA
"839";"TROPICAL STORM";"Tropical Storm";NA;NA
"840";"TROPICAL STORM ALBERTO";"Tropical Storm";NA;NA
"841";"TROPICAL STORM DEAN";"Tropical Storm";NA;NA
"842";"TROPICAL STORM GORDON";"Tropical Storm";NA;NA
"843";"TROPICAL STORM JERRY";"Tropical Storm";NA;NA
"844";"TSTM";NA;"Thunderstorm Wind";"Thunderstorm Wind"
"845";"TSTM HEAVY RAIN";"Heavy Rain";"Thunderstorm Wind";"Thunderstorm Wind"
"846";"TSTM WIND";NA;"Thunderstorm Wind";"Thunderstorm Wind"
"847";"TSTM WIND  (G45)";NA;"Thunderstorm Wind";"Thunderstorm Wind"
"848";"TSTM WIND (41)";NA;"Thunderstorm Wind";"Thunderstorm Wind"
"849";"TSTM WIND (G35)";NA;"Thunderstorm Wind";"Thunderstorm Wind"
"850";"TSTM WIND (G40)";NA;"Thunderstorm Wind";"Thunderstorm Wind"
"851";"TSTM WIND (G45)";NA;"Thunderstorm Wind";"Thunderstorm Wind"
"852";"TSTM WIND 40";NA;"Thunderstorm Wind";"Thunderstorm Wind"
"853";"TSTM WIND 45";NA;"Thunderstorm Wind";"Thunderstorm Wind"
"854";"TSTM WIND 50";NA;"Thunderstorm Wind";"Thunderstorm Wind"
"855";"TSTM WIND 51";NA;"Thunderstorm Wind";"Thunderstorm Wind"
"856";"TSTM WIND 52";NA;"Thunderstorm Wind";"Thunderstorm Wind"
"857";"TSTM WIND 55";NA;"Thunderstorm Wind";"Thunderstorm Wind"
"858";"TSTM WIND 65)";NA;"Thunderstorm Wind";"Thunderstorm Wind"
"859";"TSTM WIND AND LIGHTNING";"Lightning";"Thunderstorm Wind";"Thunderstorm Wind"
"860";"TSTM WIND DAMAGE";NA;"Thunderstorm Wind";"Thunderstorm Wind"
"861";"TSTM WIND G45";NA;"Thunderstorm Wind";"Thunderstorm Wind"
"862";"TSTM WIND G58";NA;"Thunderstorm Wind";"Thunderstorm Wind"
"863";"TSTM WIND/HAIL";"Hail";"Thunderstorm Wind";"Thunderstorm Wind"
"864";"TSTM WINDS";NA;"Thunderstorm Wind";"Thunderstorm Wind"
"865";"TSTM WND";NA;"Thunderstorm Wind";"Thunderstorm Wind"
"866";"TSTMW";NA;"Thunderstorm Wind";"Thunderstorm Wind"
"867";"TSUNAMI";"Tsunami";NA;NA
"868";"TUNDERSTORM WIND";NA;"Cold/Wind Chill";"Thunderstorm Wind"
"869";"TYPHOON";NA;NA;"Hurricane (Typhoon)"
"870";"Temperature record";NA;NA;"Heat"
"871";"Thundersnow shower";NA;"Thunderstorm Wind";"Thunderstorm Wind"
"872";"Thunderstorm Wind";"Thunderstorm Wind";"Thunderstorm Wind";"Thunderstorm Wind"
"873";"Tidal Flooding";"Flood";NA;"Coastal Flood"
"874";"Torrential Rainfall";NA;"Heavy Rain";"Heavy Rain"
"875";"Tstm Wind";NA;"Thunderstorm Wind";"Thunderstorm Wind"
"876";"UNSEASONABLY COLD";NA;"Frost/Freeze";"Frost/Freeze"
"877";"UNSEASONABLY COOL";NA;"Frost/Freeze";"Frost/Freeze"
"878";"UNSEASONABLY COOL & WET";NA;"Frost/Freeze";"Heavy Rain"
"879";"UNSEASONABLY DRY";NA;"Drought";"Drought"
"880";"UNSEASONABLY HOT";NA;"Heat";"Heat"
"881";"UNSEASONABLY WARM";NA;NA;"Heat"
"882";"UNSEASONABLY WARM & WET";NA;NA;"Heat"
"883";"UNSEASONABLY WARM AND DRY";NA;"Drought";"Heat"
"884";"UNSEASONABLY WARM YEAR";NA;NA;"Heat"
"885";"UNSEASONABLY WARM/WET";NA;NA;"Heat"
"886";"UNSEASONABLY WET";NA;NA;"Heavy Rain"
"887";"UNSEASONAL LOW TEMP";NA;NA;"Frost/Freeze"
"888";"UNSEASONAL RAIN";NA;NA;"Heavy Rain"
"889";"UNUSUAL WARMTH";NA;"Heat";"Heat"
"890";"UNUSUAL/RECORD WARMTH";NA;"Heat";"Heat"
"891";"UNUSUALLY COLD";NA;"Frost/Freeze";"Frost/Freeze"
"892";"UNUSUALLY LATE SNOW";NA;"Heavy Snow";"Heavy Snow"
"893";"UNUSUALLY WARM";NA;NA;"Heat"
"894";"URBAN AND SMALL";NA;"Flood";"Flood"
"895";"URBAN AND SMALL STREAM";NA;"Flood";"Flood"
"896";"URBAN AND SMALL STREAM FLOOD";"Flood";"Flood";"Flood"
"897";"URBAN AND SMALL STREAM FLOODIN";"Flood";"Flood";"Flood"
"898";"URBAN FLOOD";"Flood";"Flood";"Flood"
"899";"URBAN FLOOD LANDSLIDE";"Flood";"Flood";"Flood"
"900";"URBAN FLOODING";"Flood";"Flood";"Flood"
"901";"URBAN FLOODS";"Flood";"Flood";"Flood"
"902";"URBAN SMALL";NA;"Flood";"Flood"
"903";"URBAN SMALL STREAM FLOOD";"Flood";"Flood";"Flood"
"904";"URBAN/SMALL";NA;"Flood";"Flood"
"905";"URBAN/SMALL FLOODING";"Flood";"Flood";"Flood"
"906";"URBAN/SMALL STREAM";NA;"Flood";"Flood"
"907";"URBAN/SMALL STREAM  FLOOD";"Flood";"Flood";"Flood"
"908";"URBAN/SMALL STREAM FLOOD";"Flood";"Flood";"Flood"
"909";"URBAN/SMALL STREAM FLOODING";"Flood";"Flood";"Flood"
"910";"URBAN/SMALL STRM FLDG";NA;"Flood";"Flood"
"911";"URBAN/SML STREAM FLD";NA;"Flood";"Flood"
"912";"URBAN/SML STREAM FLDG";NA;"Flood";"Flood"
"913";"URBAN/STREET FLOODING";"Flood";"Flood";"Flood"
"914";"Unseasonable Cold";NA;"Frost/Freeze";"Frost/Freeze"
"915";"Urban Flood";"Flood";"Flood";"Flood"
"916";"Urban Flooding";"Flood";"Flood";"Flood"
"917";"Urban flood";"Flood";"Flood";"Flood"
"918";"VERY DRY";NA;"Drought";"Drought"
"919";"VERY WARM";NA;NA;NA
"920";"VOG";NA;NA;NA
"921";"VOLCANIC ASH";"Volcanic Ash";"Volcanic Ash";"Volcanic Ash"
"922";"VOLCANIC ASHFALL";"Volcanic Ash";"Volcanic Ash";"Volcanic Ash"
"923";"VOLCANIC ERUPTION";NA;"Volcanic Ash";"Volcanic Ash"
"924";"Volcanic Ash";"Volcanic Ash";"Volcanic Ash";"Volcanic Ash"
"925";"Volcanic Ash Plume";"Volcanic Ash";"Volcanic Ash";"Volcanic Ash"
"926";"WAKE LOW WIND";NA;"Cold/Wind Chill";"Cold/Wind Chill"
"927";"WALL CLOUD";NA;NA;NA
"928";"WALL CLOUD/FUNNEL CLOUD";"Funnel Cloud";NA;"Funnel Cloud"
"929";"WARM DRY CONDITIONS";NA;"Drought";"Drought"
"930";"WARM WEATHER";NA;NA;NA
"931";"WATER SPOUT";NA;"Waterspout";"Waterspout"
"932";"WATERSPOUT";"Waterspout";NA;NA
"933";"WATERSPOUT FUNNEL CLOUD";"Waterspout";NA;"Funnel Cloud"
"934";"WATERSPOUT TORNADO";"Waterspout";NA;NA
"935";"WATERSPOUT-";"Waterspout";NA;NA
"936";"WATERSPOUT-TORNADO";"Waterspout";NA;NA
"937";"WATERSPOUT/";"Waterspout";NA;NA
"938";"WATERSPOUT/ TORNADO";"Waterspout";NA;NA
"939";"WATERSPOUT/TORNADO";"Waterspout";NA;NA
"940";"WATERSPOUTS";"Waterspout";NA;NA
"941";"WAYTERSPOUT";NA;"Waterspout";"Waterspout"
"942";"WET MICROBURST";NA;NA;"Heavy Rain"
"943";"WET SNOW";NA;"Heavy Snow";"Heavy Rain"
"944";"WET WEATHER";NA;NA;"Heavy Rain"
"945";"WHIRLWIND";NA;"Cold/Wind Chill";"Cold/Wind Chill"
"946";"WILD FIRES";NA;"Wildfire";"Wildfire"
"947";"WILD/FOREST FIRE";NA;"Wildfire";"Wildfire"
"948";"WILD/FOREST FIRES";NA;"Wildfire";"Wildfire"
"949";"WILDFIRE";"Wildfire";"Wildfire";"Wildfire"
"950";"WILDFIRES";"Wildfire";"Wildfire";"Wildfire"
"951";"WIND";NA;"Cold/Wind Chill";"Cold/Wind Chill"
"952";"WIND ADVISORY";NA;"Cold/Wind Chill";"Cold/Wind Chill"
"953";"WIND AND WAVE";NA;"Cold/Wind Chill";"Cold/Wind Chill"
"954";"WIND CHILL";NA;"Cold/Wind Chill";"Cold/Wind Chill"
"955";"WIND CHILL/HIGH WIND";"High Wind";"Cold/Wind Chill";"Cold/Wind Chill"
"956";"WIND DAMAGE";NA;"Cold/Wind Chill";"Cold/Wind Chill"
"957";"WIND GUSTS";NA;"Cold/Wind Chill";"Cold/Wind Chill"
"958";"WIND STORM";NA;"Cold/Wind Chill";"Cold/Wind Chill"
"959";"WIND/HAIL";"Hail";"Cold/Wind Chill";"Cold/Wind Chill"
"960";"WINDS";NA;"Cold/Wind Chill";"Cold/Wind Chill"
"961";"WINTER MIX";NA;NA;NA
"962";"WINTER STORM";"Winter Storm";NA;NA
"963";"WINTER STORM HIGH WINDS";"Winter Storm";"High Wind";"High Wind"
"964";"WINTER STORM/HIGH WIND";"Winter Storm";"Cold/Wind Chill";"Cold/Wind Chill"
"965";"WINTER STORM/HIGH WINDS";"Winter Storm";"High Wind";"High Wind"
"966";"WINTER STORMS";"Winter Storm";NA;NA
"967";"WINTER WEATHER";"Winter Weather";NA;NA
"968";"WINTER WEATHER MIX";"Winter Weather";NA;NA
"969";"WINTER WEATHER/MIX";"Winter Weather";NA;NA
"970";"WINTERY MIX";NA;"Winter Weather";"Winter Weather"
"971";"WINTRY MIX";NA;"Winter Weather";"Winter Weather"
"972";"WND";NA;NA;NA
"973";"Wet Month";NA;NA;"Heavy Rain"
"974";"Wet Year";NA;NA;"Heavy Rain"
"975";"Whirlwind";NA;"Cold/Wind Chill";"Cold/Wind Chill"
"976";"Wind";NA;"Cold/Wind Chill";"Cold/Wind Chill"
"977";"Wind Damage";NA;"Cold/Wind Chill";"Cold/Wind Chill"
"978";"Winter Weather";"Winter Weather";NA;NA
"979";"Wintry Mix";NA;"Winter Weather";"Winter Weather"
"980";"Wintry mix";NA;"Winter Weather";"Winter Weather"
"981";"blowing snow";NA;"Heavy Snow";"Heavy Snow"
"982";"coastal flooding";"Flood";"Coastal Flood";"Coastal Flood"
"983";"gradient wind";NA;"Cold/Wind Chill";"Cold/Wind Chill"
"984";"small hail";"Hail";"Flood";"Flood"
"985";"wet micoburst";NA;NA;"Heavy Rain"
